username	last_name	first_name	user_id	status	password	gender
rogers63	john	david	1	1	e6a33eee180b07e563d74fee8c2c66b8	Female
mike28	paul	rogers	2	1	2e7dc6b8a1598f4f75c3eaa47958ee2f	Male
rivera92	john	david	3	1	1c3a8e03f448d211904161a6f5849b68	Male
ross95	sanders	maria	4	1	62f0a68a4179c5cdd997189760cbcf18	Male
paul85	miller	morris	5	1	61bd060b07bddfecccea56a82b850ecf	Female
smith34	michael	daniel	6	1	7055b3d9f5cb2829c26cd7e0e601cde5	Female
james84	paul	sanders	7	1	b7f72d6eb92b45458020748c8d1a3573	Female
daniel53	mike	mark	8	1	299cbf7171ad1b2967408ed200b4e26c	Male
brooks80	maria	morgan	9	1	aa736a35dc15934d67c0a999dccff8f6	Female
morgan65	miller	paul	10	1	a28dca31f5aa5792e1cefd1dfd098569	Female
